file,blob,size_bytes,duration_s,retries,status,error
TEST DATA\images_1080p\4k-3840-x-2160-wallpapers-themefoxx (100).jpg,images_1080p//4k-3840-x-2160-wallpapers-themefoxx (100).jpg,342951,1.3167258000466973,0,ok,
TEST DATA\images_1080p\4k-3840-x-2160-wallpapers-themefoxx (101).jpg,images_1080p//4k-3840-x-2160-wallpapers-themefoxx (101).jpg,250952,1.4035743999993429,0,ok,
TEST DATA\images_1080p\4k-3840-x-2160-wallpapers-themefoxx (104).jpg,images_1080p//4k-3840-x-2160-wallpapers-themefoxx (104).jpg,359717,1.6493734000250697,0,ok,
TEST DATA\images_1080p\4k-3840-x-2160-wallpapers-themefoxx (10).jpg,images_1080p//4k-3840-x-2160-wallpapers-themefoxx (10).jpg,684551,1.8183481999440119,0,ok,
TEST DATA\images_1080p\4k-3840-x-2160-wallpapers-themefoxx (105).jpg,images_1080p//4k-3840-x-2160-wallpapers-themefoxx (105).jpg,636006,1.8355505999643356,0,ok,
TEST DATA\images_1080p\4k-3840-x-2160-wallpapers-themefoxx (1).jpg,images_1080p//4k-3840-x-2160-wallpapers-themefoxx (1).jpg,202198,1.8500309999799356,0,ok,
TEST DATA\images_1080p\4k-3840-x-2160-wallpapers-themefoxx (107).jpg,images_1080p//4k-3840-x-2160-wallpapers-themefoxx (107).jpg,221704,0.4686526999576017,0,ok,
TEST DATA\images_1080p\4k-3840-x-2160-wallpapers-themefoxx (106).jpg,images_1080p//4k-3840-x-2160-wallpapers-themefoxx (106).jpg,549794,0.5817835000343621,0,ok,
TEST DATA\images_1080p\4k-3840-x-2160-wallpapers-themefoxx (103).jpg,images_1080p//4k-3840-x-2160-wallpapers-themefoxx (103).jpg,1039672,1.9974334000144154,0,ok,
TEST DATA\images_1080p\4k-3840-x-2160-wallpapers-themefoxx (109).jpg,images_1080p//4k-3840-x-2160-wallpapers-themefoxx (109).jpg,293081,0.2851525000296533,0,ok,
TEST DATA\images_1080p\4k-3840-x-2160-wallpapers-themefoxx (112).jpg,images_1080p//4k-3840-x-2160-wallpapers-themefoxx (112).jpg,215810,0.42168869997840375,0,ok,
TEST DATA\images_1080p\4k-3840-x-2160-wallpapers-themefoxx (110).jpg,images_1080p//4k-3840-x-2160-wallpapers-themefoxx (110).jpg,383986,0.5854207000229508,0,ok,
TEST DATA\images_1080p\4k-3840-x-2160-wallpapers-themefoxx (113).jpg,images_1080p//4k-3840-x-2160-wallpapers-themefoxx (113).jpg,1051410,0.5619762000860646,0,ok,
TEST DATA\images_1080p\4k-3840-x-2160-wallpapers-themefoxx (111).jpg,images_1080p//4k-3840-x-2160-wallpapers-themefoxx (111).jpg,575192,0.7192067999858409,0,ok,
TEST DATA\images_1080p\4k-3840-x-2160-wallpapers-themefoxx (114).jpg,images_1080p//4k-3840-x-2160-wallpapers-themefoxx (114).jpg,224703,0.5143664999632165,0,ok,
TEST DATA\images_1080p\4k-3840-x-2160-wallpapers-themefoxx (108).jpg,images_1080p//4k-3840-x-2160-wallpapers-themefoxx (108).jpg,634830,1.1354835000820458,0,ok,
TEST DATA\images_1080p\4k-3840-x-2160-wallpapers-themefoxx (117).jpg,images_1080p//4k-3840-x-2160-wallpapers-themefoxx (117).jpg,415256,0.31189370003994554,0,ok,
TEST DATA\images_1080p\4k-3840-x-2160-wallpapers-themefoxx (118).jpg,images_1080p//4k-3840-x-2160-wallpapers-themefoxx (118).jpg,229716,0.32185790000949055,0,ok,
TEST DATA\images_1080p\4k-3840-x-2160-wallpapers-themefoxx (116).jpg,images_1080p//4k-3840-x-2160-wallpapers-themefoxx (116).jpg,301778,0.48998960002791137,0,ok,
TEST DATA\images_1080p\4k-3840-x-2160-wallpapers-themefoxx (115).jpg,images_1080p//4k-3840-x-2160-wallpapers-themefoxx (115).jpg,575344,0.6520442999899387,0,ok,
TEST DATA\images_1080p\4k-3840-x-2160-wallpapers-themefoxx (120).jpg,images_1080p//4k-3840-x-2160-wallpapers-themefoxx (120).jpg,403990,0.23262139991857111,0,ok,
TEST DATA\images_1080p\4k-3840-x-2160-wallpapers-themefoxx (121).jpg,images_1080p//4k-3840-x-2160-wallpapers-themefoxx (121).jpg,530912,0.3221481000073254,0,ok,
TEST DATA\images_1080p\4k-3840-x-2160-wallpapers-themefoxx (124).jpg,images_1080p//4k-3840-x-2160-wallpapers-themefoxx (124).jpg,278099,0.2336846999824047,0,ok,
TEST DATA\images_1080p\4k-3840-x-2160-wallpapers-themefoxx (12).jpg,images_1080p//4k-3840-x-2160-wallpapers-themefoxx (12).jpg,332763,0.6341502999421209,0,ok,
TEST DATA\images_1080p\4k-3840-x-2160-wallpapers-themefoxx (11).jpg,images_1080p//4k-3840-x-2160-wallpapers-themefoxx (11).jpg,382403,1.599277500063181,0,ok,
TEST DATA\images_1080p\4k-3840-x-2160-wallpapers-themefoxx (122).jpg,images_1080p//4k-3840-x-2160-wallpapers-themefoxx (122).jpg,368680,0.5688751999987289,0,ok,
TEST DATA\images_1080p\4k-3840-x-2160-wallpapers-themefoxx (125).jpg,images_1080p//4k-3840-x-2160-wallpapers-themefoxx (125).jpg,154032,0.2911212000763044,0,ok,
TEST DATA\images_1080p\4k-3840-x-2160-wallpapers-themefoxx (119).jpg,images_1080p//4k-3840-x-2160-wallpapers-themefoxx (119).jpg,960505,0.972868200042285,0,ok,
TEST DATA\images_1080p\4k-3840-x-2160-wallpapers-themefoxx (126).jpg,images_1080p//4k-3840-x-2160-wallpapers-themefoxx (126).jpg,450564,0.27467960002832115,0,ok,
TEST DATA\images_1080p\4k-3840-x-2160-wallpapers-themefoxx (123).jpg,images_1080p//4k-3840-x-2160-wallpapers-themefoxx (123).jpg,636734,0.7964874999597669,0,ok,
TEST DATA\images_1080p\4k-3840-x-2160-wallpapers-themefoxx (13).jpg,images_1080p//4k-3840-x-2160-wallpapers-themefoxx (13).jpg,154555,0.2581654000096023,0,ok,
TEST DATA\images_1080p\4k-3840-x-2160-wallpapers-themefoxx (131).jpg,images_1080p//4k-3840-x-2160-wallpapers-themefoxx (131).jpg,305558,0.26461359998211265,0,ok,
TEST DATA\images_1080p\4k-3840-x-2160-wallpapers-themefoxx (130).jpg,images_1080p//4k-3840-x-2160-wallpapers-themefoxx (130).jpg,313439,0.40733809990342706,0,ok,
TEST DATA\images_1080p\4k-3840-x-2160-wallpapers-themefoxx (132).jpg,images_1080p//4k-3840-x-2160-wallpapers-themefoxx (132).jpg,157251,0.3120486999396235,0,ok,
TEST DATA\images_1080p\4k-3840-x-2160-wallpapers-themefoxx (133).jpg,images_1080p//4k-3840-x-2160-wallpapers-themefoxx (133).jpg,452307,0.44408479996491224,0,ok,
TEST DATA\images_1080p\4k-3840-x-2160-wallpapers-themefoxx (134).jpg,images_1080p//4k-3840-x-2160-wallpapers-themefoxx (134).jpg,709760,0.437441400019452,0,ok,
TEST DATA\images_1080p\4k-3840-x-2160-wallpapers-themefoxx (135).jpg,images_1080p//4k-3840-x-2160-wallpapers-themefoxx (135).jpg,196268,0.4462654000381008,0,ok,
TEST DATA\images_1080p\4k-3840-x-2160-wallpapers-themefoxx (128).jpg,images_1080p//4k-3840-x-2160-wallpapers-themefoxx (128).jpg,282371,1.0268812000285834,0,ok,
TEST DATA\images_1080p\4k-3840-x-2160-wallpapers-themefoxx (129).jpg,images_1080p//4k-3840-x-2160-wallpapers-themefoxx (129).jpg,732410,0.9812360999640077,0,ok,
TEST DATA\images_1080p\4k-3840-x-2160-wallpapers-themefoxx (137).jpg,images_1080p//4k-3840-x-2160-wallpapers-themefoxx (137).jpg,231347,0.3121239999309182,0,ok,
TEST DATA\images_1080p\4k-3840-x-2160-wallpapers-themefoxx (138).jpg,images_1080p//4k-3840-x-2160-wallpapers-themefoxx (138).jpg,342304,0.2932885999325663,0,ok,
TEST DATA\images_1080p\4k-3840-x-2160-wallpapers-themefoxx (136).jpg,images_1080p//4k-3840-x-2160-wallpapers-themefoxx (136).jpg,472144,0.561367200105451,0,ok,
TEST DATA\images_1080p\4k-3840-x-2160-wallpapers-themefoxx (142).jpg,images_1080p//4k-3840-x-2160-wallpapers-themefoxx (142).jpg,311460,0.25979899999219924,0,ok,
TEST DATA\images_1080p\4k-3840-x-2160-wallpapers-themefoxx (141).jpg,images_1080p//4k-3840-x-2160-wallpapers-themefoxx (141).jpg,674733,0.5586672000354156,0,ok,
TEST DATA\images_1080p\4k-3840-x-2160-wallpapers-themefoxx (144).jpg,images_1080p//4k-3840-x-2160-wallpapers-themefoxx (144).jpg,350703,0.26764059998095036,0,ok,
TEST DATA\images_1080p\4k-3840-x-2160-wallpapers-themefoxx (139).jpg,images_1080p//4k-3840-x-2160-wallpapers-themefoxx (139).jpg,716176,0.8397359000518918,0,ok,
TEST DATA\images_1080p\4k-3840-x-2160-wallpapers-themefoxx (143).jpg,images_1080p//4k-3840-x-2160-wallpapers-themefoxx (143).jpg,478080,0.8182318999897689,0,ok,
TEST DATA\images_1080p\4k-3840-x-2160-wallpapers-themefoxx (145).jpg,images_1080p//4k-3840-x-2160-wallpapers-themefoxx (145).jpg,313831,0.45270229992456734,0,ok,
TEST DATA\images_1080p\4k-3840-x-2160-wallpapers-themefoxx (146).jpg,images_1080p//4k-3840-x-2160-wallpapers-themefoxx (146).jpg,823371,0.5859757999423891,0,ok,
TEST DATA\images_1080p\4k-3840-x-2160-wallpapers-themefoxx (148).jpg,images_1080p//4k-3840-x-2160-wallpapers-themefoxx (148).jpg,214351,0.3257513999706134,0,ok,
TEST DATA\images_1080p\4k-3840-x-2160-wallpapers-themefoxx (147).jpg,images_1080p//4k-3840-x-2160-wallpapers-themefoxx (147).jpg,565272,0.5332719000289217,0,ok,
TEST DATA\images_1080p\4k-3840-x-2160-wallpapers-themefoxx (14).jpg,images_1080p//4k-3840-x-2160-wallpapers-themefoxx (14).jpg,715803,1.3620098000392318,0,ok,
TEST DATA\images_1080p\4k-3840-x-2160-wallpapers-themefoxx (149).jpg,images_1080p//4k-3840-x-2160-wallpapers-themefoxx (149).jpg,208711,0.2928900000406429,0,ok,
TEST DATA\images_1080p\4k-3840-x-2160-wallpapers-themefoxx (127).jpg,images_1080p//4k-3840-x-2160-wallpapers-themefoxx (127).jpg,886020,2.5243331999517977,0,ok,
TEST DATA\images_1080p\4k-3840-x-2160-wallpapers-themefoxx (15).jpg,images_1080p//4k-3840-x-2160-wallpapers-themefoxx (15).jpg,179439,0.2552197000477463,0,ok,
TEST DATA\images_1080p\4k-3840-x-2160-wallpapers-themefoxx (153).jpg,images_1080p//4k-3840-x-2160-wallpapers-themefoxx (153).jpg,216647,0.34727309993468225,0,ok,
TEST DATA\images_1080p\4k-3840-x-2160-wallpapers-themefoxx (155).jpg,images_1080p//4k-3840-x-2160-wallpapers-themefoxx (155).jpg,310547,0.2740797000005841,0,ok,
TEST DATA\images_1080p\4k-3840-x-2160-wallpapers-themefoxx (151).jpg,images_1080p//4k-3840-x-2160-wallpapers-themefoxx (151).jpg,430791,0.45605169993359596,0,ok,
TEST DATA\images_1080p\4k-3840-x-2160-wallpapers-themefoxx (150).jpg,images_1080p//4k-3840-x-2160-wallpapers-themefoxx (150).jpg,750301,0.5517349999863654,0,ok,
TEST DATA\images_1080p\4k-3840-x-2160-wallpapers-themefoxx (140).jpg,images_1080p//4k-3840-x-2160-wallpapers-themefoxx (140).jpg,706707,1.966993400012143,0,ok,
TEST DATA\images_1080p\4k-3840-x-2160-wallpapers-themefoxx (156).jpg,images_1080p//4k-3840-x-2160-wallpapers-themefoxx (156).jpg,287537,0.25991060002706945,0,ok,
TEST DATA\images_1080p\4k-3840-x-2160-wallpapers-themefoxx (157).jpg,images_1080p//4k-3840-x-2160-wallpapers-themefoxx (157).jpg,505301,0.38144759996794164,0,ok,
TEST DATA\images_1080p\4k-3840-x-2160-wallpapers-themefoxx (102).jpg,images_1080p//4k-3840-x-2160-wallpapers-themefoxx (102).jpg,488068,6.684677900047973,0,ok,
TEST DATA\images_1080p\4k-3840-x-2160-wallpapers-themefoxx (152).jpg,images_1080p//4k-3840-x-2160-wallpapers-themefoxx (152).jpg,654557,0.8797598000383005,0,ok,
TEST DATA\images_1080p\4k-3840-x-2160-wallpapers-themefoxx (160).jpg,images_1080p//4k-3840-x-2160-wallpapers-themefoxx (160).jpg,672063,0.4671029000310227,0,ok,
TEST DATA\images_1080p\4k-3840-x-2160-wallpapers-themefoxx (161).jpg,images_1080p//4k-3840-x-2160-wallpapers-themefoxx (161).jpg,381606,0.37096690002363175,0,ok,
TEST DATA\images_1080p\4k-3840-x-2160-wallpapers-themefoxx (163).jpg,images_1080p//4k-3840-x-2160-wallpapers-themefoxx (163).jpg,185240,0.43091500003356487,0,ok,
TEST DATA\images_1080p\4k-3840-x-2160-wallpapers-themefoxx (158).jpg,images_1080p//4k-3840-x-2160-wallpapers-themefoxx (158).jpg,854093,0.9050452000228688,0,ok,
TEST DATA\images_1080p\4k-3840-x-2160-wallpapers-themefoxx (164).jpg,images_1080p//4k-3840-x-2160-wallpapers-themefoxx (164).jpg,137741,0.31207849993370473,0,ok,
TEST DATA\images_1080p\4k-3840-x-2160-wallpapers-themefoxx (165).jpg,images_1080p//4k-3840-x-2160-wallpapers-themefoxx (165).jpg,198460,0.24360459996387362,0,ok,
TEST DATA\images_1080p\4k-3840-x-2160-wallpapers-themefoxx (154).jpg,images_1080p//4k-3840-x-2160-wallpapers-themefoxx (154).jpg,506774,1.3189520000014454,0,ok,
TEST DATA\images_1080p\4k-3840-x-2160-wallpapers-themefoxx (159).jpg,images_1080p//4k-3840-x-2160-wallpapers-themefoxx (159).jpg,686356,0.9367054000031203,0,ok,
TEST DATA\images_1080p\4k-3840-x-2160-wallpapers-themefoxx (166).jpg,images_1080p//4k-3840-x-2160-wallpapers-themefoxx (166).jpg,70016,0.1900000999448821,0,ok,
TEST DATA\images_1080p\4k-3840-x-2160-wallpapers-themefoxx (167).jpg,images_1080p//4k-3840-x-2160-wallpapers-themefoxx (167).jpg,484147,0.2700149999000132,0,ok,
TEST DATA\images_1080p\4k-3840-x-2160-wallpapers-themefoxx (168).jpg,images_1080p//4k-3840-x-2160-wallpapers-themefoxx (168).jpg,178737,0.2298120999475941,0,ok,
TEST DATA\images_1080p\4k-3840-x-2160-wallpapers-themefoxx (169).jpg,images_1080p//4k-3840-x-2160-wallpapers-themefoxx (169).jpg,524665,0.33809480001218617,0,ok,
TEST DATA\images_1080p\4k-3840-x-2160-wallpapers-themefoxx (170).jpg,images_1080p//4k-3840-x-2160-wallpapers-themefoxx (170).jpg,330174,0.5500569998985156,0,ok,
TEST DATA\images_1080p\4k-3840-x-2160-wallpapers-themefoxx (174).jpg,images_1080p//4k-3840-x-2160-wallpapers-themefoxx (174).jpg,253331,0.2346045000012964,0,ok,
TEST DATA\images_1080p\4k-3840-x-2160-wallpapers-themefoxx (173).jpg,images_1080p//4k-3840-x-2160-wallpapers-themefoxx (173).jpg,437547,0.477240200038068,0,ok,
TEST DATA\images_1080p\4k-3840-x-2160-wallpapers-themefoxx (171).jpg,images_1080p//4k-3840-x-2160-wallpapers-themefoxx (171).jpg,380228,0.6197327999398112,0,ok,
TEST DATA\images_1080p\4k-3840-x-2160-wallpapers-themefoxx (176).jpg,images_1080p//4k-3840-x-2160-wallpapers-themefoxx (176).jpg,174256,0.29850210004951805,0,ok,
TEST DATA\images_1080p\4k-3840-x-2160-wallpapers-themefoxx (16).jpg,images_1080p//4k-3840-x-2160-wallpapers-themefoxx (16).jpg,584278,1.711158899939619,0,ok,
TEST DATA\images_1080p\4k-3840-x-2160-wallpapers-themefoxx (172).jpg,images_1080p//4k-3840-x-2160-wallpapers-themefoxx (172).jpg,812504,0.7886458000866696,0,ok,
TEST DATA\images_1080p\4k-3840-x-2160-wallpapers-themefoxx (177).jpg,images_1080p//4k-3840-x-2160-wallpapers-themefoxx (177).jpg,291996,0.3197884999681264,0,ok,
TEST DATA\images_1080p\4k-3840-x-2160-wallpapers-themefoxx (175).jpg,images_1080p//4k-3840-x-2160-wallpapers-themefoxx (175).jpg,361002,0.4472938999533653,0,ok,
TEST DATA\images_1080p\4k-3840-x-2160-wallpapers-themefoxx (179).jpg,images_1080p//4k-3840-x-2160-wallpapers-themefoxx (179).jpg,438543,0.3130836000200361,0,ok,
TEST DATA\images_1080p\4k-3840-x-2160-wallpapers-themefoxx (17).jpg,images_1080p//4k-3840-x-2160-wallpapers-themefoxx (17).jpg,630739,1.1870140000246465,0,ok,
TEST DATA\images_1080p\4k-3840-x-2160-wallpapers-themefoxx (180).jpg,images_1080p//4k-3840-x-2160-wallpapers-themefoxx (180).jpg,316692,0.31967370002530515,0,ok,
TEST DATA\images_1080p\4k-3840-x-2160-wallpapers-themefoxx (181).jpg,images_1080p//4k-3840-x-2160-wallpapers-themefoxx (181).jpg,217650,0.31958510004915297,0,ok,
TEST DATA\images_1080p\4k-3840-x-2160-wallpapers-themefoxx (178).jpg,images_1080p//4k-3840-x-2160-wallpapers-themefoxx (178).jpg,441944,0.7062275999924168,0,ok,
TEST DATA\images_1080p\4k-3840-x-2160-wallpapers-themefoxx (183).jpg,images_1080p//4k-3840-x-2160-wallpapers-themefoxx (183).jpg,367145,0.24336129997391254,0,ok,
TEST DATA\images_1080p\4k-3840-x-2160-wallpapers-themefoxx (162).jpg,images_1080p//4k-3840-x-2160-wallpapers-themefoxx (162).jpg,224603,2.0532312999712303,0,ok,
TEST DATA\images_1080p\4k-3840-x-2160-wallpapers-themefoxx (182).jpg,images_1080p//4k-3840-x-2160-wallpapers-themefoxx (182).jpg,438341,0.468170200008899,0,ok,
TEST DATA\images_1080p\4k-3840-x-2160-wallpapers-themefoxx (18).jpg,images_1080p//4k-3840-x-2160-wallpapers-themefoxx (18).jpg,205717,0.6743260999210179,0,ok,
TEST DATA\images_1080p\4k-3840-x-2160-wallpapers-themefoxx (188).jpg,images_1080p//4k-3840-x-2160-wallpapers-themefoxx (188).jpg,172364,0.22790910000912845,0,ok,
TEST DATA\images_1080p\4k-3840-x-2160-wallpapers-themefoxx (186).jpg,images_1080p//4k-3840-x-2160-wallpapers-themefoxx (186).jpg,325728,0.34991019999142736,0,ok,
TEST DATA\images_1080p\4k-3840-x-2160-wallpapers-themefoxx (185).jpg,images_1080p//4k-3840-x-2160-wallpapers-themefoxx (185).jpg,591882,0.46760199998971075,0,ok,
TEST DATA\images_1080p\4k-3840-x-2160-wallpapers-themefoxx (19).jpg,images_1080p//4k-3840-x-2160-wallpapers-themefoxx (19).jpg,212613,0.3499722999986261,0,ok,
TEST DATA\images_1080p\4k-3840-x-2160-wallpapers-themefoxx (187).jpg,images_1080p//4k-3840-x-2160-wallpapers-themefoxx (187).jpg,272069,0.5047681999858469,0,ok,
TEST DATA\images_1080p\4k-3840-x-2160-wallpapers-themefoxx (191).jpg,images_1080p//4k-3840-x-2160-wallpapers-themefoxx (191).jpg,588294,0.42803479998838156,0,ok,
TEST DATA\images_1080p\4k-3840-x-2160-wallpapers-themefoxx (192).jpg,images_1080p//4k-3840-x-2160-wallpapers-themefoxx (192).jpg,766569,0.42156919999979436,0,ok,
TEST DATA\images_1080p\4k-3840-x-2160-wallpapers-themefoxx (184).jpg,images_1080p//4k-3840-x-2160-wallpapers-themefoxx (184).jpg,359028,0.9115660999668762,0,ok,
TEST DATA\images_1080p\4k-3840-x-2160-wallpapers-themefoxx (195).jpg,images_1080p//4k-3840-x-2160-wallpapers-themefoxx (195).jpg,68588,0.3285054999869317,0,ok,
TEST DATA\images_1080p\4k-3840-x-2160-wallpapers-themefoxx (194).jpg,images_1080p//4k-3840-x-2160-wallpapers-themefoxx (194).jpg,72845,0.4044414999661967,0,ok,
TEST DATA\images_1080p\4k-3840-x-2160-wallpapers-themefoxx (193).jpg,images_1080p//4k-3840-x-2160-wallpapers-themefoxx (193).jpg,469524,0.5196335999062285,0,ok,
TEST DATA\images_1080p\4k-3840-x-2160-wallpapers-themefoxx (196).jpg,images_1080p//4k-3840-x-2160-wallpapers-themefoxx (196).jpg,127905,0.2942220000550151,0,ok,
TEST DATA\images_1080p\4k-3840-x-2160-wallpapers-themefoxx (189).jpg,images_1080p//4k-3840-x-2160-wallpapers-themefoxx (189).jpg,126990,0.9181818999350071,0,ok,
TEST DATA\images_1080p\4k-3840-x-2160-wallpapers-themefoxx (197).jpg,images_1080p//4k-3840-x-2160-wallpapers-themefoxx (197).jpg,447993,0.31687640002928674,0,ok,
TEST DATA\images_1080p\4k-3840-x-2160-wallpapers-themefoxx (190).jpg,images_1080p//4k-3840-x-2160-wallpapers-themefoxx (190).jpg,388405,0.8570998000213876,0,ok,
TEST DATA\images_1080p\4k-3840-x-2160-wallpapers-themefoxx (2).jpg,images_1080p//4k-3840-x-2160-wallpapers-themefoxx (2).jpg,164452,0.2555236000334844,0,ok,
TEST DATA\images_1080p\4k-3840-x-2160-wallpapers-themefoxx (199).jpg,images_1080p//4k-3840-x-2160-wallpapers-themefoxx (199).jpg,377845,0.44310829997994006,0,ok,
TEST DATA\images_1080p\4k-3840-x-2160-wallpapers-themefoxx (200).jpg,images_1080p//4k-3840-x-2160-wallpapers-themefoxx (200).jpg,534690,0.345253000035882,0,ok,
TEST DATA\images_1080p\4k-3840-x-2160-wallpapers-themefoxx (202).jpg,images_1080p//4k-3840-x-2160-wallpapers-themefoxx (202).jpg,310021,0.36016219994053245,0,ok,
TEST DATA\images_1080p\4k-3840-x-2160-wallpapers-themefoxx (20).jpg,images_1080p//4k-3840-x-2160-wallpapers-themefoxx (20).jpg,508263,0.5261419999878854,0,ok,
TEST DATA\images_1080p\4k-3840-x-2160-wallpapers-themefoxx (205).jpg,images_1080p//4k-3840-x-2160-wallpapers-themefoxx (205).jpg,266752,0.273310299962759,0,ok,
TEST DATA\images_1080p\4k-3840-x-2160-wallpapers-themefoxx (204).jpg,images_1080p//4k-3840-x-2160-wallpapers-themefoxx (204).jpg,335171,0.5185984000563622,0,ok,
TEST DATA\images_1080p\4k-3840-x-2160-wallpapers-themefoxx (198).jpg,images_1080p//4k-3840-x-2160-wallpapers-themefoxx (198).jpg,389360,0.9207524999510497,0,ok,
TEST DATA\images_1080p\4k-3840-x-2160-wallpapers-themefoxx (206).jpg,images_1080p//4k-3840-x-2160-wallpapers-themefoxx (206).jpg,478422,0.3804532000795007,0,ok,
TEST DATA\images_1080p\4k-3840-x-2160-wallpapers-themefoxx (207).jpg,images_1080p//4k-3840-x-2160-wallpapers-themefoxx (207).jpg,322959,0.3553698000032455,0,ok,
TEST DATA\images_1080p\4k-3840-x-2160-wallpapers-themefoxx (208).jpg,images_1080p//4k-3840-x-2160-wallpapers-themefoxx (208).jpg,109656,0.32799849996808916,0,ok,
TEST DATA\images_1080p\4k-3840-x-2160-wallpapers-themefoxx (211).jpg,images_1080p//4k-3840-x-2160-wallpapers-themefoxx (211).jpg,161906,0.20513959997333586,0,ok,
TEST DATA\images_1080p\4k-3840-x-2160-wallpapers-themefoxx (21).jpg,images_1080p//4k-3840-x-2160-wallpapers-themefoxx (21).jpg,223710,0.33137469994835556,0,ok,
TEST DATA\images_1080p\4k-3840-x-2160-wallpapers-themefoxx (209).jpg,images_1080p//4k-3840-x-2160-wallpapers-themefoxx (209).jpg,624246,0.5093015999300405,0,ok,
TEST DATA\images_1080p\4k-3840-x-2160-wallpapers-themefoxx (212).jpg,images_1080p//4k-3840-x-2160-wallpapers-themefoxx (212).jpg,432950,0.3594015999697149,0,ok,
TEST DATA\images_1080p\4k-3840-x-2160-wallpapers-themefoxx (214).jpg,images_1080p//4k-3840-x-2160-wallpapers-themefoxx (214).jpg,301975,0.2635213000467047,0,ok,
TEST DATA\images_1080p\4k-3840-x-2160-wallpapers-themefoxx (210).jpg,images_1080p//4k-3840-x-2160-wallpapers-themefoxx (210).jpg,216812,0.5539318999508396,0,ok,
TEST DATA\images_1080p\4k-3840-x-2160-wallpapers-themefoxx (213).jpg,images_1080p//4k-3840-x-2160-wallpapers-themefoxx (213).jpg,413553,0.5544679000740871,0,ok,
TEST DATA\images_1080p\4k-3840-x-2160-wallpapers-themefoxx (217).jpg,images_1080p//4k-3840-x-2160-wallpapers-themefoxx (217).jpg,329626,0.36898030003067106,0,ok,
TEST DATA\images_1080p\4k-3840-x-2160-wallpapers-themefoxx (215).jpg,images_1080p//4k-3840-x-2160-wallpapers-themefoxx (215).jpg,308479,0.5739219000097364,0,ok,
TEST DATA\images_1080p\4k-3840-x-2160-wallpapers-themefoxx (216).jpg,images_1080p//4k-3840-x-2160-wallpapers-themefoxx (216).jpg,437664,0.5624680001055822,0,ok,
TEST DATA\images_1080p\4k-3840-x-2160-wallpapers-themefoxx (218).jpg,images_1080p//4k-3840-x-2160-wallpapers-themefoxx (218).jpg,845306,0.5173298000590876,0,ok,
TEST DATA\images_1080p\4k-3840-x-2160-wallpapers-themefoxx (22).jpg,images_1080p//4k-3840-x-2160-wallpapers-themefoxx (22).jpg,424555,0.4470499000744894,0,ok,
TEST DATA\images_1080p\4k-3840-x-2160-wallpapers-themefoxx (203).jpg,images_1080p//4k-3840-x-2160-wallpapers-themefoxx (203).jpg,689202,1.7298017999855801,0,ok,
TEST DATA\images_1080p\4k-3840-x-2160-wallpapers-themefoxx (220).jpg,images_1080p//4k-3840-x-2160-wallpapers-themefoxx (220).jpg,113873,0.3313165999716148,0,ok,
TEST DATA\images_1080p\4k-3840-x-2160-wallpapers-themefoxx (222).jpg,images_1080p//4k-3840-x-2160-wallpapers-themefoxx (222).jpg,257990,0.26042550010606647,0,ok,
TEST DATA\images_1080p\4k-3840-x-2160-wallpapers-themefoxx (221).jpg,images_1080p//4k-3840-x-2160-wallpapers-themefoxx (221).jpg,379032,0.41574590001255274,0,ok,
TEST DATA\images_1080p\4k-3840-x-2160-wallpapers-themefoxx (223).jpg,images_1080p//4k-3840-x-2160-wallpapers-themefoxx (223).jpg,391434,0.2544391000410542,0,ok,
TEST DATA\images_1080p\4k-3840-x-2160-wallpapers-themefoxx (226).jpg,images_1080p//4k-3840-x-2160-wallpapers-themefoxx (226).jpg,430749,0.40562380000483245,0,ok,
TEST DATA\images_1080p\4k-3840-x-2160-wallpapers-themefoxx (201).jpg,images_1080p//4k-3840-x-2160-wallpapers-themefoxx (201).jpg,346287,2.312566600041464,0,ok,
TEST DATA\images_1080p\4k-3840-x-2160-wallpapers-themefoxx (224).jpg,images_1080p//4k-3840-x-2160-wallpapers-themefoxx (224).jpg,465130,0.6137465999927372,0,ok,
TEST DATA\images_1080p\4k-3840-x-2160-wallpapers-themefoxx (229).jpg,images_1080p//4k-3840-x-2160-wallpapers-themefoxx (229).jpg,562065,0.4336406000657007,0,ok,
TEST DATA\images_1080p\4k-3840-x-2160-wallpapers-themefoxx (219).jpg,images_1080p//4k-3840-x-2160-wallpapers-themefoxx (219).jpg,632038,1.250147399958223,0,ok,
TEST DATA\images_1080p\4k-3840-x-2160-wallpapers-themefoxx (225).jpg,images_1080p//4k-3840-x-2160-wallpapers-themefoxx (225).jpg,296693,0.6935245000058785,0,ok,
TEST DATA\images_1080p\4k-3840-x-2160-wallpapers-themefoxx (23).jpg,images_1080p//4k-3840-x-2160-wallpapers-themefoxx (23).jpg,657528,0.4484847999410704,0,ok,
TEST DATA\images_1080p\4k-3840-x-2160-wallpapers-themefoxx (232).jpg,images_1080p//4k-3840-x-2160-wallpapers-themefoxx (232).jpg,609042,0.3358701999532059,0,ok,
TEST DATA\images_1080p\4k-3840-x-2160-wallpapers-themefoxx (227).jpg,images_1080p//4k-3840-x-2160-wallpapers-themefoxx (227).jpg,561936,0.9731413000263274,0,ok,
TEST DATA\images_1080p\4k-3840-x-2160-wallpapers-themefoxx (228).jpg,images_1080p//4k-3840-x-2160-wallpapers-themefoxx (228).jpg,572275,0.9393629999831319,0,ok,
TEST DATA\images_1080p\4k-3840-x-2160-wallpapers-themefoxx (236).jpg,images_1080p//4k-3840-x-2160-wallpapers-themefoxx (236).jpg,442251,0.3289783999789506,0,ok,
TEST DATA\images_1080p\4k-3840-x-2160-wallpapers-themefoxx (235).jpg,images_1080p//4k-3840-x-2160-wallpapers-themefoxx (235).jpg,684649,0.43838720000348985,0,ok,
TEST DATA\images_1080p\4k-3840-x-2160-wallpapers-themefoxx (231).jpg,images_1080p//4k-3840-x-2160-wallpapers-themefoxx (231).jpg,679671,0.7809666999382898,0,ok,
TEST DATA\images_1080p\4k-3840-x-2160-wallpapers-themefoxx (234).jpg,images_1080p//4k-3840-x-2160-wallpapers-themefoxx (234).jpg,329187,0.7193564999615774,0,ok,
TEST DATA\images_1080p\4k-3840-x-2160-wallpapers-themefoxx (237).jpg,images_1080p//4k-3840-x-2160-wallpapers-themefoxx (237).jpg,145339,0.40268729999661446,0,ok,
TEST DATA\images_1080p\4k-3840-x-2160-wallpapers-themefoxx (239).jpg,images_1080p//4k-3840-x-2160-wallpapers-themefoxx (239).jpg,442080,0.3338117999956012,0,ok,
TEST DATA\images_1080p\4k-3840-x-2160-wallpapers-themefoxx (24).jpg,images_1080p//4k-3840-x-2160-wallpapers-themefoxx (24).jpg,398112,0.3594833000097424,0,ok,
TEST DATA\images_1080p\4k-3840-x-2160-wallpapers-themefoxx (243).jpg,images_1080p//4k-3840-x-2160-wallpapers-themefoxx (243).jpg,466190,0.26451260002795607,0,ok,
TEST DATA\images_1080p\4k-3840-x-2160-wallpapers-themefoxx (238).jpg,images_1080p//4k-3840-x-2160-wallpapers-themefoxx (238).jpg,236514,0.779449800029397,0,ok,
TEST DATA\images_1080p\4k-3840-x-2160-wallpapers-themefoxx (240).jpg,images_1080p//4k-3840-x-2160-wallpapers-themefoxx (240).jpg,636484,0.6487991000758484,0,ok,
TEST DATA\images_1080p\4k-3840-x-2160-wallpapers-themefoxx (244).jpg,images_1080p//4k-3840-x-2160-wallpapers-themefoxx (244).jpg,284127,0.41433419997338206,0,ok,
TEST DATA\images_1080p\4k-3840-x-2160-wallpapers-themefoxx (242).jpg,images_1080p//4k-3840-x-2160-wallpapers-themefoxx (242).jpg,253619,0.6278599000070244,0,ok,
TEST DATA\images_1080p\4k-3840-x-2160-wallpapers-themefoxx (245).jpg,images_1080p//4k-3840-x-2160-wallpapers-themefoxx (245).jpg,256035,0.2688233000226319,0,ok,
TEST DATA\images_1080p\4k-3840-x-2160-wallpapers-themefoxx (230).jpg,images_1080p//4k-3840-x-2160-wallpapers-themefoxx (230).jpg,241730,1.6499305999604985,0,ok,
TEST DATA\images_1080p\4k-3840-x-2160-wallpapers-themefoxx (247).jpg,images_1080p//4k-3840-x-2160-wallpapers-themefoxx (247).jpg,253206,0.29227480001281947,0,ok,
TEST DATA\images_1080p\4k-3840-x-2160-wallpapers-themefoxx (248).jpg,images_1080p//4k-3840-x-2160-wallpapers-themefoxx (248).jpg,294730,0.3825315000722185,0,ok,
TEST DATA\images_1080p\4k-3840-x-2160-wallpapers-themefoxx (25).jpg,images_1080p//4k-3840-x-2160-wallpapers-themefoxx (25).jpg,606873,0.43879799998831004,0,ok,
TEST DATA\images_1080p\4k-3840-x-2160-wallpapers-themefoxx (246).jpg,images_1080p//4k-3840-x-2160-wallpapers-themefoxx (246).jpg,425785,0.7043084000470117,0,ok,
TEST DATA\images_1080p\4k-3840-x-2160-wallpapers-themefoxx (241).jpg,images_1080p//4k-3840-x-2160-wallpapers-themefoxx (241).jpg,744597,1.1955628000432625,0,ok,
TEST DATA\images_1080p\4k-3840-x-2160-wallpapers-themefoxx (233).jpg,images_1080p//4k-3840-x-2160-wallpapers-themefoxx (233).jpg,835187,2.0753839999670163,0,ok,
TEST DATA\images_1080p\4k-3840-x-2160-wallpapers-themefoxx (249).jpg,images_1080p//4k-3840-x-2160-wallpapers-themefoxx (249).jpg,446862,0.7557763999793679,0,ok,
TEST DATA\images_1080p\4k-3840-x-2160-wallpapers-themefoxx (252).jpg,images_1080p//4k-3840-x-2160-wallpapers-themefoxx (252).jpg,477964,0.4260365000227466,0,ok,
TEST DATA\images_1080p\4k-3840-x-2160-wallpapers-themefoxx (251).jpg,images_1080p//4k-3840-x-2160-wallpapers-themefoxx (251).jpg,547784,0.632429400109686,0,ok,
TEST DATA\images_1080p\4k-3840-x-2160-wallpapers-themefoxx (253).jpg,images_1080p//4k-3840-x-2160-wallpapers-themefoxx (253).jpg,533355,0.4049425999401137,0,ok,
TEST DATA\images_1080p\4k-3840-x-2160-wallpapers-themefoxx (254).jpg,images_1080p//4k-3840-x-2160-wallpapers-themefoxx (254).jpg,75571,0.40915590000804514,0,ok,
TEST DATA\images_1080p\4k-3840-x-2160-wallpapers-themefoxx (26).jpg,images_1080p//4k-3840-x-2160-wallpapers-themefoxx (26).jpg,188103,0.1950191999785602,0,ok,
TEST DATA\images_1080p\4k-3840-x-2160-wallpapers-themefoxx (258).jpg,images_1080p//4k-3840-x-2160-wallpapers-themefoxx (258).jpg,502401,0.3771712000016123,0,ok,
TEST DATA\images_1080p\4k-3840-x-2160-wallpapers-themefoxx (255).jpg,images_1080p//4k-3840-x-2160-wallpapers-themefoxx (255).jpg,433530,0.7093639000086114,0,ok,
TEST DATA\images_1080p\4k-3840-x-2160-wallpapers-themefoxx (259).jpg,images_1080p//4k-3840-x-2160-wallpapers-themefoxx (259).jpg,169802,0.4506462999852374,0,ok,
TEST DATA\images_1080p\4k-3840-x-2160-wallpapers-themefoxx (261).jpg,images_1080p//4k-3840-x-2160-wallpapers-themefoxx (261).jpg,147627,0.24213490006513894,0,ok,
TEST DATA\images_1080p\4k-3840-x-2160-wallpapers-themefoxx (265).jpg,images_1080p//4k-3840-x-2160-wallpapers-themefoxx (265).jpg,170366,0.2319539999589324,0,ok,
TEST DATA\images_1080p\4k-3840-x-2160-wallpapers-themefoxx (262).jpg,images_1080p//4k-3840-x-2160-wallpapers-themefoxx (262).jpg,692909,0.48819609999191016,0,ok,
TEST DATA\images_1080p\4k-3840-x-2160-wallpapers-themefoxx (263).jpg,images_1080p//4k-3840-x-2160-wallpapers-themefoxx (263).jpg,296088,0.4733933999668807,0,ok,
TEST DATA\images_1080p\4k-3840-x-2160-wallpapers-themefoxx (260).jpg,images_1080p//4k-3840-x-2160-wallpapers-themefoxx (260).jpg,671202,1.0235875999787822,0,ok,
TEST DATA\images_1080p\4k-3840-x-2160-wallpapers-themefoxx (266).jpg,images_1080p//4k-3840-x-2160-wallpapers-themefoxx (266).jpg,326458,0.3870607999851927,0,ok,
TEST DATA\images_1080p\4k-3840-x-2160-wallpapers-themefoxx (267).jpg,images_1080p//4k-3840-x-2160-wallpapers-themefoxx (267).jpg,345313,0.35383239993825555,0,ok,
TEST DATA\images_1080p\4k-3840-x-2160-wallpapers-themefoxx (268).jpg,images_1080p//4k-3840-x-2160-wallpapers-themefoxx (268).jpg,185780,0.3723330000648275,0,ok,
TEST DATA\images_1080p\4k-3840-x-2160-wallpapers-themefoxx (256).jpg,images_1080p//4k-3840-x-2160-wallpapers-themefoxx (256).jpg,602335,1.420139600057155,0,ok,
TEST DATA\images_1080p\4k-3840-x-2160-wallpapers-themefoxx (269).jpg,images_1080p//4k-3840-x-2160-wallpapers-themefoxx (269).jpg,280396,0.2732189999660477,0,ok,
TEST DATA\images_1080p\4k-3840-x-2160-wallpapers-themefoxx (250).jpg,images_1080p//4k-3840-x-2160-wallpapers-themefoxx (250).jpg,523739,2.117020700010471,0,ok,
TEST DATA\images_1080p\4k-3840-x-2160-wallpapers-themefoxx (270).jpg,images_1080p//4k-3840-x-2160-wallpapers-themefoxx (270).jpg,537861,0.35661259992048144,0,ok,
TEST DATA\images_1080p\4k-3840-x-2160-wallpapers-themefoxx (27).jpg,images_1080p//4k-3840-x-2160-wallpapers-themefoxx (27).jpg,490602,0.4765012999996543,0,ok,
TEST DATA\images_1080p\4k-3840-x-2160-wallpapers-themefoxx (264).jpg,images_1080p//4k-3840-x-2160-wallpapers-themefoxx (264).jpg,592314,1.2303927999455482,0,ok,
TEST DATA\images_1080p\4k-3840-x-2160-wallpapers-themefoxx (271).jpg,images_1080p//4k-3840-x-2160-wallpapers-themefoxx (271).jpg,535993,0.5912561999866739,0,ok,
TEST DATA\images_1080p\4k-3840-x-2160-wallpapers-themefoxx (275).jpg,images_1080p//4k-3840-x-2160-wallpapers-themefoxx (275).jpg,570604,0.3756366999587044,0,ok,
TEST DATA\images_1080p\4k-3840-x-2160-wallpapers-themefoxx (276).jpg,images_1080p//4k-3840-x-2160-wallpapers-themefoxx (276).jpg,498394,0.4646023999666795,0,ok,
TEST DATA\images_1080p\4k-3840-x-2160-wallpapers-themefoxx (272).jpg,images_1080p//4k-3840-x-2160-wallpapers-themefoxx (272).jpg,421877,0.956324000027962,0,ok,
TEST DATA\images_1080p\4k-3840-x-2160-wallpapers-themefoxx (273).jpg,images_1080p//4k-3840-x-2160-wallpapers-themefoxx (273).jpg,578561,0.8226892999373376,0,ok,
TEST DATA\images_1080p\4k-3840-x-2160-wallpapers-themefoxx (278).jpg,images_1080p//4k-3840-x-2160-wallpapers-themefoxx (278).jpg,370082,0.3952399999834597,0,ok,
TEST DATA\images_1080p\4k-3840-x-2160-wallpapers-themefoxx (279).jpg,images_1080p//4k-3840-x-2160-wallpapers-themefoxx (279).jpg,400811,0.3788184999721125,0,ok,
TEST DATA\images_1080p\4k-3840-x-2160-wallpapers-themefoxx (277).jpg,images_1080p//4k-3840-x-2160-wallpapers-themefoxx (277).jpg,520666,0.6711405999958515,0,ok,
TEST DATA\images_1080p\4k-3840-x-2160-wallpapers-themefoxx (280).jpg,images_1080p//4k-3840-x-2160-wallpapers-themefoxx (280).jpg,158935,0.2559701999416575,0,ok,
TEST DATA\images_1080p\4k-3840-x-2160-wallpapers-themefoxx (274).jpg,images_1080p//4k-3840-x-2160-wallpapers-themefoxx (274).jpg,351923,1.1493387999944389,0,ok,
TEST DATA\images_1080p\4k-3840-x-2160-wallpapers-themefoxx (282).jpg,images_1080p//4k-3840-x-2160-wallpapers-themefoxx (282).jpg,214491,0.33341980003751814,0,ok,
TEST DATA\images_1080p\4k-3840-x-2160-wallpapers-themefoxx (28).jpg,images_1080p//4k-3840-x-2160-wallpapers-themefoxx (28).jpg,621861,0.49492490000557154,0,ok,
TEST DATA\images_1080p\4k-3840-x-2160-wallpapers-themefoxx (283).jpg,images_1080p//4k-3840-x-2160-wallpapers-themefoxx (283).jpg,431270,0.38722859998233616,0,ok,
TEST DATA\images_1080p\4k-3840-x-2160-wallpapers-themefoxx (281).jpg,images_1080p//4k-3840-x-2160-wallpapers-themefoxx (281).jpg,327123,0.567574099986814,0,ok,
TEST DATA\images_1080p\4k-3840-x-2160-wallpapers-themefoxx (288).jpg,images_1080p//4k-3840-x-2160-wallpapers-themefoxx (288).jpg,288357,0.3077817999292165,0,ok,
TEST DATA\images_1080p\4k-3840-x-2160-wallpapers-themefoxx (284).jpg,images_1080p//4k-3840-x-2160-wallpapers-themefoxx (284).jpg,423204,0.6169369999552146,0,ok,
TEST DATA\images_1080p\4k-3840-x-2160-wallpapers-themefoxx (285).jpg,images_1080p//4k-3840-x-2160-wallpapers-themefoxx (285).jpg,340606,0.7594565000617877,0,ok,
TEST DATA\images_1080p\4k-3840-x-2160-wallpapers-themefoxx (257).jpg,images_1080p//4k-3840-x-2160-wallpapers-themefoxx (257).jpg,563162,3.260138599900529,0,ok,
TEST DATA\images_1080p\4k-3840-x-2160-wallpapers-themefoxx (289).jpg,images_1080p//4k-3840-x-2160-wallpapers-themefoxx (289).jpg,855478,0.5455306998919696,0,ok,
TEST DATA\images_1080p\4k-3840-x-2160-wallpapers-themefoxx (29).jpg,images_1080p//4k-3840-x-2160-wallpapers-themefoxx (29).jpg,141352,0.538933900068514,0,ok,
TEST DATA\images_1080p\4k-3840-x-2160-wallpapers-themefoxx (290).jpg,images_1080p//4k-3840-x-2160-wallpapers-themefoxx (290).jpg,582483,0.4832304000156,0,ok,
TEST DATA\images_1080p\4k-3840-x-2160-wallpapers-themefoxx (296).jpg,images_1080p//4k-3840-x-2160-wallpapers-themefoxx (296).jpg,58258,0.21240630000829697,0,ok,
TEST DATA\images_1080p\4k-3840-x-2160-wallpapers-themefoxx (294).jpg,images_1080p//4k-3840-x-2160-wallpapers-themefoxx (294).jpg,575239,0.4220913000172004,0,ok,
TEST DATA\images_1080p\4k-3840-x-2160-wallpapers-themefoxx (291).jpg,images_1080p//4k-3840-x-2160-wallpapers-themefoxx (291).jpg,651605,0.7301596000324935,0,ok,
TEST DATA\images_1080p\4k-3840-x-2160-wallpapers-themefoxx (292).jpg,images_1080p//4k-3840-x-2160-wallpapers-themefoxx (292).jpg,518151,0.6105696000158787,0,ok,
TEST DATA\images_1080p\4k-3840-x-2160-wallpapers-themefoxx (297).jpg,images_1080p//4k-3840-x-2160-wallpapers-themefoxx (297).jpg,619529,0.4873208000790328,0,ok,
TEST DATA\images_1080p\4k-3840-x-2160-wallpapers-themefoxx (298).jpg,images_1080p//4k-3840-x-2160-wallpapers-themefoxx (298).jpg,534729,0.39306030003353953,0,ok,
TEST DATA\images_1080p\4k-3840-x-2160-wallpapers-themefoxx (3).jpg,images_1080p//4k-3840-x-2160-wallpapers-themefoxx (3).jpg,165037,0.44303289998788387,0,ok,
TEST DATA\images_1080p\4k-3840-x-2160-wallpapers-themefoxx (30).jpg,images_1080p//4k-3840-x-2160-wallpapers-themefoxx (30).jpg,265515,0.27187059994321316,0,ok,
TEST DATA\images_1080p\4k-3840-x-2160-wallpapers-themefoxx (299).jpg,images_1080p//4k-3840-x-2160-wallpapers-themefoxx (299).jpg,681557,0.6809777000453323,0,ok,
TEST DATA\images_1080p\4k-3840-x-2160-wallpapers-themefoxx (300).jpg,images_1080p//4k-3840-x-2160-wallpapers-themefoxx (300).jpg,480325,0.41489300003740937,0,ok,
TEST DATA\images_1080p\4k-3840-x-2160-wallpapers-themefoxx (295).jpg,images_1080p//4k-3840-x-2160-wallpapers-themefoxx (295).jpg,589283,1.2468588999472558,0,ok,
TEST DATA\images_1080p\4k-3840-x-2160-wallpapers-themefoxx (31).jpg,images_1080p//4k-3840-x-2160-wallpapers-themefoxx (31).jpg,288843,0.37989639991428703,0,ok,
TEST DATA\images_1080p\4k-3840-x-2160-wallpapers-themefoxx (33).jpg,images_1080p//4k-3840-x-2160-wallpapers-themefoxx (33).jpg,314514,0.3539829000364989,0,ok,
TEST DATA\images_1080p\4k-3840-x-2160-wallpapers-themefoxx (293).jpg,images_1080p//4k-3840-x-2160-wallpapers-themefoxx (293).jpg,511775,1.6140421000309289,0,ok,
TEST DATA\images_1080p\4k-3840-x-2160-wallpapers-themefoxx (34).jpg,images_1080p//4k-3840-x-2160-wallpapers-themefoxx (34).jpg,141755,0.3953960998915136,0,ok,
TEST DATA\images_1080p\4k-3840-x-2160-wallpapers-themefoxx (32).jpg,images_1080p//4k-3840-x-2160-wallpapers-themefoxx (32).jpg,782887,0.7091922999825329,0,ok,
TEST DATA\images_1080p\4k-3840-x-2160-wallpapers-themefoxx (36).jpg,images_1080p//4k-3840-x-2160-wallpapers-themefoxx (36).jpg,430657,0.4295006999745965,0,ok,
TEST DATA\images_1080p\4k-3840-x-2160-wallpapers-themefoxx (37).jpg,images_1080p//4k-3840-x-2160-wallpapers-themefoxx (37).jpg,226160,0.3346691000042483,0,ok,
TEST DATA\images_1080p\4k-3840-x-2160-wallpapers-themefoxx (287).jpg,images_1080p//4k-3840-x-2160-wallpapers-themefoxx (287).jpg,672034,2.621568699949421,0,ok,
TEST DATA\images_1080p\4k-3840-x-2160-wallpapers-themefoxx (39).jpg,images_1080p//4k-3840-x-2160-wallpapers-themefoxx (39).jpg,305564,0.3078794999746606,0,ok,
TEST DATA\images_1080p\4k-3840-x-2160-wallpapers-themefoxx (286).jpg,images_1080p//4k-3840-x-2160-wallpapers-themefoxx (286).jpg,987326,2.648170999949798,0,ok,
TEST DATA\images_1080p\4k-3840-x-2160-wallpapers-themefoxx (4).jpg,images_1080p//4k-3840-x-2160-wallpapers-themefoxx (4).jpg,294678,0.2797477999702096,0,ok,
TEST DATA\images_1080p\4k-3840-x-2160-wallpapers-themefoxx (40).jpg,images_1080p//4k-3840-x-2160-wallpapers-themefoxx (40).jpg,412864,0.29446609993465245,0,ok,
TEST DATA\images_1080p\4k-3840-x-2160-wallpapers-themefoxx (35).jpg,images_1080p//4k-3840-x-2160-wallpapers-themefoxx (35).jpg,656141,0.9036291000666097,0,ok,
TEST DATA\images_1080p\4k-3840-x-2160-wallpapers-themefoxx (45).jpg,images_1080p//4k-3840-x-2160-wallpapers-themefoxx (45).jpg,233687,0.25551430007908493,0,ok,
TEST DATA\images_1080p\4k-3840-x-2160-wallpapers-themefoxx (42).jpg,images_1080p//4k-3840-x-2160-wallpapers-themefoxx (42).jpg,618063,0.4513404999161139,0,ok,
TEST DATA\images_1080p\4k-3840-x-2160-wallpapers-themefoxx (46).jpg,images_1080p//4k-3840-x-2160-wallpapers-themefoxx (46).jpg,320120,0.4609673999948427,0,ok,
TEST DATA\images_1080p\4k-3840-x-2160-wallpapers-themefoxx (38).jpg,images_1080p//4k-3840-x-2160-wallpapers-themefoxx (38).jpg,362467,1.0184712000191212,0,ok,
TEST DATA\images_1080p\4k-3840-x-2160-wallpapers-themefoxx (41).jpg,images_1080p//4k-3840-x-2160-wallpapers-themefoxx (41).jpg,842250,0.8154945999849588,0,ok,
TEST DATA\images_1080p\4k-3840-x-2160-wallpapers-themefoxx (49).jpg,images_1080p//4k-3840-x-2160-wallpapers-themefoxx (49).jpg,132437,0.3668758999556303,0,ok,
TEST DATA\images_1080p\4k-3840-x-2160-wallpapers-themefoxx (48).jpg,images_1080p//4k-3840-x-2160-wallpapers-themefoxx (48).jpg,650658,0.5430167000740767,0,ok,
TEST DATA\images_1080p\4k-3840-x-2160-wallpapers-themefoxx (5).jpg,images_1080p//4k-3840-x-2160-wallpapers-themefoxx (5).jpg,374772,0.31315039994660765,0,ok,
TEST DATA\images_1080p\4k-3840-x-2160-wallpapers-themefoxx (53).jpg,images_1080p//4k-3840-x-2160-wallpapers-themefoxx (53).jpg,252264,0.28060589998494834,0,ok,
TEST DATA\images_1080p\4k-3840-x-2160-wallpapers-themefoxx (51).jpg,images_1080p//4k-3840-x-2160-wallpapers-themefoxx (51).jpg,431563,0.5364891000790522,0,ok,
TEST DATA\images_1080p\4k-3840-x-2160-wallpapers-themefoxx (52).jpg,images_1080p//4k-3840-x-2160-wallpapers-themefoxx (52).jpg,256909,0.46206859999801964,0,ok,
TEST DATA\images_1080p\4k-3840-x-2160-wallpapers-themefoxx (47).jpg,images_1080p//4k-3840-x-2160-wallpapers-themefoxx (47).jpg,687050,1.1457904999842867,0,ok,
TEST DATA\images_1080p\4k-3840-x-2160-wallpapers-themefoxx (54).jpg,images_1080p//4k-3840-x-2160-wallpapers-themefoxx (54).jpg,525813,0.4766588000347838,0,ok,
TEST DATA\images_1080p\4k-3840-x-2160-wallpapers-themefoxx (55).jpg,images_1080p//4k-3840-x-2160-wallpapers-themefoxx (55).jpg,342322,0.3324032999807969,0,ok,
TEST DATA\images_1080p\4k-3840-x-2160-wallpapers-themefoxx (57).jpg,images_1080p//4k-3840-x-2160-wallpapers-themefoxx (57).jpg,822803,0.44038219994399697,0,ok,
TEST DATA\images_1080p\4k-3840-x-2160-wallpapers-themefoxx (56).jpg,images_1080p//4k-3840-x-2160-wallpapers-themefoxx (56).jpg,559237,0.5530468999641016,0,ok,
TEST DATA\images_1080p\4k-3840-x-2160-wallpapers-themefoxx (44).jpg,images_1080p//4k-3840-x-2160-wallpapers-themefoxx (44).jpg,337367,1.9541658000089228,0,ok,
TEST DATA\images_1080p\4k-3840-x-2160-wallpapers-themefoxx (60).jpg,images_1080p//4k-3840-x-2160-wallpapers-themefoxx (60).jpg,328174,0.36781389999669045,0,ok,
TEST DATA\images_1080p\4k-3840-x-2160-wallpapers-themefoxx (58).jpg,images_1080p//4k-3840-x-2160-wallpapers-themefoxx (58).jpg,275783,0.7068210000870749,0,ok,
TEST DATA\images_1080p\4k-3840-x-2160-wallpapers-themefoxx (50).jpg,images_1080p//4k-3840-x-2160-wallpapers-themefoxx (50).jpg,572898,1.5372309000231326,0,ok,
TEST DATA\images_1080p\4k-3840-x-2160-wallpapers-themefoxx (6).jpg,images_1080p//4k-3840-x-2160-wallpapers-themefoxx (6).jpg,742101,0.6695530000142753,0,ok,
TEST DATA\images_1080p\4k-3840-x-2160-wallpapers-themefoxx (61).jpg,images_1080p//4k-3840-x-2160-wallpapers-themefoxx (61).jpg,671340,0.5304565000114962,0,ok,
TEST DATA\images_1080p\4k-3840-x-2160-wallpapers-themefoxx (63).jpg,images_1080p//4k-3840-x-2160-wallpapers-themefoxx (63).jpg,336931,0.2715980999637395,0,ok,
TEST DATA\images_1080p\4k-3840-x-2160-wallpapers-themefoxx (66).jpg,images_1080p//4k-3840-x-2160-wallpapers-themefoxx (66).jpg,334353,0.3360633000265807,0,ok,
TEST DATA\images_1080p\4k-3840-x-2160-wallpapers-themefoxx (64).jpg,images_1080p//4k-3840-x-2160-wallpapers-themefoxx (64).jpg,382801,0.4468791000545025,0,ok,
TEST DATA\images_1080p\4k-3840-x-2160-wallpapers-themefoxx (68).jpg,images_1080p//4k-3840-x-2160-wallpapers-themefoxx (68).jpg,276102,0.3280103000579402,0,ok,
TEST DATA\images_1080p\4k-3840-x-2160-wallpapers-themefoxx (65).jpg,images_1080p//4k-3840-x-2160-wallpapers-themefoxx (65).jpg,184923,0.5084430000279099,0,ok,
TEST DATA\images_1080p\4k-3840-x-2160-wallpapers-themefoxx (67).jpg,images_1080p//4k-3840-x-2160-wallpapers-themefoxx (67).jpg,438384,0.3808735000202432,0,ok,
TEST DATA\images_1080p\4k-3840-x-2160-wallpapers-themefoxx (59).jpg,images_1080p//4k-3840-x-2160-wallpapers-themefoxx (59).jpg,616128,1.376164700021036,0,ok,
TEST DATA\images_1080p\4k-3840-x-2160-wallpapers-themefoxx (43).jpg,images_1080p//4k-3840-x-2160-wallpapers-themefoxx (43).jpg,522301,2.9598623999627307,0,ok,
TEST DATA\images_1080p\4k-3840-x-2160-wallpapers-themefoxx (70).jpg,images_1080p//4k-3840-x-2160-wallpapers-themefoxx (70).jpg,150428,0.27572320005856454,0,ok,
TEST DATA\images_1080p\4k-3840-x-2160-wallpapers-themefoxx (69).jpg,images_1080p//4k-3840-x-2160-wallpapers-themefoxx (69).jpg,450462,0.42749020003248006,0,ok,
TEST DATA\images_1080p\4k-3840-x-2160-wallpapers-themefoxx (7).jpg,images_1080p//4k-3840-x-2160-wallpapers-themefoxx (7).jpg,223621,0.5006858999840915,0,ok,
TEST DATA\images_1080p\4k-3840-x-2160-wallpapers-themefoxx (72).jpg,images_1080p//4k-3840-x-2160-wallpapers-themefoxx (72).jpg,353078,0.3559746000682935,0,ok,
TEST DATA\images_1080p\4k-3840-x-2160-wallpapers-themefoxx (75).jpg,images_1080p//4k-3840-x-2160-wallpapers-themefoxx (75).jpg,152270,0.21287829999346286,0,ok,
TEST DATA\images_1080p\4k-3840-x-2160-wallpapers-themefoxx (74).jpg,images_1080p//4k-3840-x-2160-wallpapers-themefoxx (74).jpg,175848,0.2801788999931887,0,ok,
TEST DATA\images_1080p\4k-3840-x-2160-wallpapers-themefoxx (73).jpg,images_1080p//4k-3840-x-2160-wallpapers-themefoxx (73).jpg,421921,0.4517627999885008,0,ok,
TEST DATA\images_1080p\4k-3840-x-2160-wallpapers-themefoxx (62).jpg,images_1080p//4k-3840-x-2160-wallpapers-themefoxx (62).jpg,497883,1.3254959000041708,0,ok,
TEST DATA\images_1080p\4k-3840-x-2160-wallpapers-themefoxx (71).jpg,images_1080p//4k-3840-x-2160-wallpapers-themefoxx (71).jpg,318937,0.5751426999922842,0,ok,
TEST DATA\images_1080p\4k-3840-x-2160-wallpapers-themefoxx (79).jpg,images_1080p//4k-3840-x-2160-wallpapers-themefoxx (79).jpg,275832,0.2767360000871122,0,ok,
TEST DATA\images_1080p\4k-3840-x-2160-wallpapers-themefoxx (78).jpg,images_1080p//4k-3840-x-2160-wallpapers-themefoxx (78).jpg,405916,0.36830339999869466,0,ok,
TEST DATA\images_1080p\4k-3840-x-2160-wallpapers-themefoxx (76).jpg,images_1080p//4k-3840-x-2160-wallpapers-themefoxx (76).jpg,409929,0.47970240004360676,0,ok,
TEST DATA\images_1080p\4k-3840-x-2160-wallpapers-themefoxx (8).jpg,images_1080p//4k-3840-x-2160-wallpapers-themefoxx (8).jpg,500549,0.3324529000092298,0,ok,
TEST DATA\images_1080p\4k-3840-x-2160-wallpapers-themefoxx (77).jpg,images_1080p//4k-3840-x-2160-wallpapers-themefoxx (77).jpg,343329,0.5395967001095414,0,ok,
TEST DATA\images_1080p\4k-3840-x-2160-wallpapers-themefoxx (83).jpg,images_1080p//4k-3840-x-2160-wallpapers-themefoxx (83).jpg,378996,0.30082839995156974,0,ok,
TEST DATA\images_1080p\4k-3840-x-2160-wallpapers-themefoxx (80).jpg,images_1080p//4k-3840-x-2160-wallpapers-themefoxx (80).jpg,594470,0.6366241000359878,0,ok,
TEST DATA\images_1080p\4k-3840-x-2160-wallpapers-themefoxx (85).jpg,images_1080p//4k-3840-x-2160-wallpapers-themefoxx (85).jpg,183748,0.5102247999748215,0,ok,
TEST DATA\images_1080p\4k-3840-x-2160-wallpapers-themefoxx (86).jpg,images_1080p//4k-3840-x-2160-wallpapers-themefoxx (86).jpg,333640,0.41569979989435524,0,ok,
TEST DATA\images_1080p\4k-3840-x-2160-wallpapers-themefoxx (84).jpg,images_1080p//4k-3840-x-2160-wallpapers-themefoxx (84).jpg,398887,0.656903599970974,0,ok,
TEST DATA\images_1080p\4k-3840-x-2160-wallpapers-themefoxx (88).jpg,images_1080p//4k-3840-x-2160-wallpapers-themefoxx (88).jpg,457218,0.3833887999644503,0,ok,
TEST DATA\images_1080p\4k-3840-x-2160-wallpapers-themefoxx (89).jpg,images_1080p//4k-3840-x-2160-wallpapers-themefoxx (89).jpg,273028,0.3049646000145003,0,ok,
TEST DATA\images_1080p\4k-3840-x-2160-wallpapers-themefoxx (9).jpg,images_1080p//4k-3840-x-2160-wallpapers-themefoxx (9).jpg,279013,0.33052499999757856,0,ok,
TEST DATA\images_1080p\4k-3840-x-2160-wallpapers-themefoxx (90).jpg,images_1080p//4k-3840-x-2160-wallpapers-themefoxx (90).jpg,482108,0.38432209996972233,0,ok,
TEST DATA\images_1080p\4k-3840-x-2160-wallpapers-themefoxx (87).jpg,images_1080p//4k-3840-x-2160-wallpapers-themefoxx (87).jpg,398739,0.7834113000426441,0,ok,
TEST DATA\images_1080p\4k-3840-x-2160-wallpapers-themefoxx (92).jpg,images_1080p//4k-3840-x-2160-wallpapers-themefoxx (92).jpg,259432,0.3325017999159172,0,ok,
TEST DATA\images_1080p\4k-3840-x-2160-wallpapers-themefoxx (91).jpg,images_1080p//4k-3840-x-2160-wallpapers-themefoxx (91).jpg,283937,0.3917092999909073,0,ok,
TEST DATA\images_1080p\4k-3840-x-2160-wallpapers-themefoxx (82).jpg,images_1080p//4k-3840-x-2160-wallpapers-themefoxx (82).jpg,502960,1.4307261999929324,0,ok,
TEST DATA\images_1080p\4k-3840-x-2160-wallpapers-themefoxx (97).jpg,images_1080p//4k-3840-x-2160-wallpapers-themefoxx (97).jpg,303917,0.3095184999983758,0,ok,
TEST DATA\images_1080p\4k-3840-x-2160-wallpapers-themefoxx (94).jpg,images_1080p//4k-3840-x-2160-wallpapers-themefoxx (94).jpg,485134,0.5881573000224307,0,ok,
TEST DATA\images_1080p\4k-3840-x-2160-wallpapers-themefoxx (98).jpg,images_1080p//4k-3840-x-2160-wallpapers-themefoxx (98).jpg,122346,0.43360879993997514,0,ok,
TEST DATA\images_1080p\4k-3840-x-2160-wallpapers-themefoxx (99).jpg,images_1080p//4k-3840-x-2160-wallpapers-themefoxx (99).jpg,201082,0.26070300000719726,0,ok,
TEST DATA\images_1080p\4k-3840-x-2160-wallpapers-themefoxx (81).jpg,images_1080p//4k-3840-x-2160-wallpapers-themefoxx (81).jpg,345979,1.7056019000010565,0,ok,
TEST DATA\images_1080p\4k-3840-x-2160-wallpapers-themefoxx (95).jpg,images_1080p//4k-3840-x-2160-wallpapers-themefoxx (95).jpg,840488,0.6612765999743715,0,ok,
TEST DATA\images_1080p\4k-3840-x-2160-wallpapers-themefoxx (96).jpg,images_1080p//4k-3840-x-2160-wallpapers-themefoxx (96).jpg,652134,0.7333124000579119,0,ok,
TEST DATA\images_1080p\4k-3840-x-2160-wallpapers-themefoxx (93).jpg,images_1080p//4k-3840-x-2160-wallpapers-themefoxx (93).jpg,545115,1.126972800004296,0,ok,
